GRANTEE,IS_GRANTABLE,TABLE_SCHEMA,TABLE_CATALOG,PRIVILEGE_TYPE
'blogers'@'localhost',YES,blogers,def,SELECT
'blogers'@'localhost',YES,blogers,def,INSERT
'blogers'@'localhost',YES,blogers,def,UPDATE
'blogers'@'localhost',YES,blogers,def,DELETE
'blogers'@'localhost',YES,blogers,def,CREATE
'blogers'@'localhost',YES,blogers,def,DROP
'blogers'@'localhost',YES,blogers,def,REFERENCES
'blogers'@'localhost',YES,blogers,def,INDEX
'blogers'@'localhost',YES,blogers,def,ALTER
'blogers'@'localhost',YES,blogers,def,CREATE TEMPORARY TABLES
'blogers'@'localhost',YES,blogers,def,LOCK TABLES
'blogers'@'localhost',YES,blogers,def,EXECUTE
'blogers'@'localhost',YES,blogers,def,CREATE VIEW
'blogers'@'localhost',YES,blogers,def,SHOW VIEW
'blogers'@'localhost',YES,blogers,def,CREATE ROUTINE
'blogers'@'localhost',YES,blogers,def,ALTER ROUTINE
'blogers'@'localhost',YES,blogers,def,EVENT
'blogers'@'localhost',YES,blogers,def,TRIGGER

